{
  "IcoMoonType": "selection",
  "icons": [
    {
      "icon": {
        "paths": [
          "M0 32h1024v960h-1024z",
          "M-37632-42400h102400v65536h-102400z",
          "M-37632-37280h102400v38400h-102400z",
          "M-37632-37280h102400v38400h-102400z",
          "M-37632-37280h102400v38400h-102400z",
          "M-37632-42400h102400v65536h-102400z",
          "M-3328-28000c0-141.385 114.615-256 256-256v0h33280c141.385 0 256 114.615 256 256v0 36672c0 141.385-114.615 256-256 256v0h-33280c-141.385 0-256-114.615-256-256v0-36672z",
          "M910.208 138.688v746.624h-796.416v-746.624h796.416zM910.208 32h-796.416c-62.592 0-113.792 48-113.792 106.688v746.624c0 58.688 51.2 106.688 113.792 106.688h796.416c62.592 0 113.792-48 113.792-106.688v-746.624c0-58.688-51.2-106.688-113.792-106.688z"
        ],
        "attrs": [
          {
            "fill": "rgb(245, 245, 245)"
          },
          {
            "fill": "rgb(255, 255, 255)"
          },
          {
            "fill": "rgb(196, 196, 196)"
          },
          {
            "fill": "rgb(0, 0, 0)"
          },
          {
            "fill": "rgb(47, 48, 58)",
            "opacity": 0.4
          },
          {
            "fill": "rgb(0, 0, 0)",
            "opacity": 0.2
          },
          {
            "fill": "rgb(255, 255, 255)"
          },
          {
            "fill": "rgb(33, 33, 33)"
          }
        ],
        "isMulticolor": true,
        "isMulticolor2": true,
        "grid": 0,
        "tags": [
          "empty-square"
        ],
        "colorPermutations": {
          "119619619612452452451255255255133150243133333314748581": [
            {
              "f": 5
            },
            {
              "f": 6
            },
            {
              "f": 4
            },
            {
              "f": 0
            },
            {
              "f": 2
            },
            {
              "f": 0
            },
            {
              "f": 6
            },
            {
              "f": 1
            }
          ]
        }
      },
      "attrs": [
        {
          "fill": "rgb(245, 245, 245)"
        },
        {
          "fill": "rgb(255, 255, 255)"
        },
        {
          "fill": "rgb(196, 196, 196)"
        },
        {
          "fill": "rgb(0, 0, 0)"
        },
        {
          "fill": "rgb(47, 48, 58)",
          "opacity": 0.4
        },
        {
          "fill": "rgb(0, 0, 0)",
          "opacity": 0.2
        },
        {
          "fill": "rgb(255, 255, 255)"
        },
        {
          "fill": "rgb(33, 33, 33)"
        }
      ],
      "properties": {
        "order": 36,
        "id": 7,
        "name": "empty-square",
        "prevSize": 32
      },
      "setIdx": 0,
      "setId": 7,
      "iconIdx": 0
    },
    {
      "icon": {
        "paths": [
          "M853.333 233.7l-63.033-63.033-249.856 249.856-249.856-249.856-63.033 63.033 249.856 249.856-249.856 249.856 63.033 63.033 249.856-249.856 249.856 249.856 63.033-63.033-249.856-249.856 249.856-249.856z"
        ],
        "attrs": [
          {}
        ],
        "isMulticolor": false,
        "isMulticolor2": false,
        "grid": 0,
        "tags": [
          "icon-close1"
        ],
        "colorPermutations": {
          "119619619612452452451255255255133150243133333314748581": [
            {}
          ]
        }
      },
      "attrs": [
        {}
      ],
      "properties": {
        "order": 28,
        "id": 6,
        "name": "icon-close1",
        "prevSize": 32
      },
      "setIdx": 0,
      "setId": 7,
      "iconIdx": 1
    },
    {
      "icon": {
        "paths": [
          "M1024 512c0 282.77-229.23 512-512 512s-512-229.23-512-512c0-282.77 229.23-512 512-512s512 229.23 512 512z",
          "M1006.933 512c0 273.344-221.589 494.933-494.933 494.933s-494.933-221.589-494.933-494.933c0-273.344 221.589-494.933 494.933-494.933s494.933 221.589 494.933 494.933z",
          "M716.8 345.020l-37.82-37.82-149.914 149.914-149.914-149.914-37.82 37.82 149.914 149.914-149.914 149.914 37.82 37.82 149.914-149.914 149.914 149.914 37.82-37.82-149.914-149.914 149.914-149.914z"
        ],
        "attrs": [
          {
            "fill": "rgb(255, 255, 255)"
          },
          {
            "fill": "none",
            "stroke": "rgb(0, 0, 0)",
            "strokeLinejoin": "miter",
            "strokeLinecap": "butt",
            "strokeMiterlimit": "4",
            "strokeWidth": 34.13333333333333
          },
          {
            "fill": "rgb(0, 0, 0)"
          }
        ],
        "isMulticolor": true,
        "isMulticolor2": true,
        "grid": 0,
        "tags": [
          "icon-close2"
        ],
        "colorPermutations": {
          "119619619612452452451255255255133150243133333314748581": [
            {
              "f": 6
            },
            {
              "s": 0
            },
            {
              "f": 0
            }
          ]
        }
      },
      "attrs": [
        {
          "fill": "rgb(255, 255, 255)"
        },
        {
          "fill": "none",
          "stroke": "rgb(0, 0, 0)",
          "strokeLinejoin": "miter",
          "strokeLinecap": "butt",
          "strokeMiterlimit": "4",
          "strokeWidth": 34.13333333333333
        },
        {
          "fill": "rgb(0, 0, 0)"
        }
      ],
      "properties": {
        "order": 29,
        "id": 5,
        "name": "icon-close2",
        "prevSize": 32
      },
      "setIdx": 0,
      "setId": 7,
      "iconIdx": 2
    },
    {
      "icon": {
        "paths": [
          "M853.333 170.667h-682.667c-46.933 0-84.878 38.4-84.878 85.333l-0.455 512c0 46.933 38.4 85.333 85.333 85.333h682.667c46.933 0 85.333-38.4 85.333-85.333v-512c0-46.933-38.4-85.333-85.333-85.333zM836.267 352.028l-301.625 188.53c-6.44 4.025-14.262 6.413-22.642 6.413s-16.202-2.387-22.824-6.518l0.182 0.106-301.625-188.53c-10.74-6.421-17.82-17.988-17.82-31.209 0-20.014 16.224-36.238 36.238-36.238 7.441 0 14.359 2.243 20.114 6.090l-0.132-0.083 285.867 178.745 285.867-178.802c5.623-3.764 12.541-6.007 19.982-6.007 20.014 0 36.238 16.224 36.238 36.238 0 13.221-7.080 24.788-17.655 31.117l-0.165 0.092z"
        ],
        "attrs": [
          {}
        ],
        "isMulticolor": false,
        "isMulticolor2": false,
        "grid": 0,
        "tags": [
          "modal-mail"
        ],
        "colorPermutations": {
          "119619619612452452451255255255133150243133333314748581": [
            {}
          ]
        }
      },
      "attrs": [
        {}
      ],
      "properties": {
        "order": 30,
        "id": 4,
        "name": "modal-mail",
        "prevSize": 32
      },
      "setIdx": 0,
      "setId": 7,
      "iconIdx": 3
    },
    {
      "icon": {
        "paths": [
          "M512 512c94.257 0 170.667-76.41 170.667-170.667s-76.41-170.667-170.667-170.667v0c-94.257 0-170.667 76.41-170.667 170.667s76.41 170.667 170.667 170.667v0zM512 597.333c-113.948 0-341.333 57.173-341.333 170.667v42.667c0 23.438 19.172 42.667 42.667 42.667h597.333c23.438 0 42.667-19.228 42.667-42.667v-42.667c0-113.493-227.442-170.667-341.333-170.667z"
        ],
        "attrs": [
          {}
        ],
        "isMulticolor": false,
        "isMulticolor2": false,
        "grid": 0,
        "tags": [
          "modal-person"
        ],
        "colorPermutations": {
          "119619619612452452451255255255133150243133333314748581": [
            {}
          ]
        }
      },
      "attrs": [
        {}
      ],
      "properties": {
        "order": 31,
        "id": 3,
        "name": "modal-person",
        "prevSize": 32
      },
      "setIdx": 0,
      "setId": 7,
      "iconIdx": 4
    },
    {
      "icon": {
        "paths": [
          "M796.217 632.775l-104.562-11.947c-2.88-0.359-6.212-0.564-9.593-0.564-22.626 0-43.109 9.172-57.934 24.002l-75.776 75.776c-117.415-60.602-210.724-153.929-269.677-267.904l-1.626-3.456 76.231-76.060c14.829-14.825 24.002-35.309 24.002-57.934 0-3.381-0.205-6.713-0.603-9.987l0.039 0.394-11.947-103.765c-4.951-41.196-39.692-72.818-81.819-72.818-0.036 0-0.071 0-0.107 0l-71.219-0c-46.535 0-85.22 38.684-82.375 85.163 21.845 351.573 303.047 632.377 654.222 654.222 46.478 2.844 85.22-35.84 85.22-82.375v-71.225c0.001-0.117 0.001-0.256 0.001-0.395 0-41.848-31.51-76.336-72.098-81.034l-0.379-0.036z"
        ],
        "attrs": [
          {}
        ],
        "isMulticolor": false,
        "isMulticolor2": false,
        "grid": 0,
        "tags": [
          "modal-tel"
        ],
        "colorPermutations": {
          "119619619612452452451255255255133150243133333314748581": [
            {}
          ]
        }
      },
      "attrs": [
        {}
      ],
      "properties": {
        "order": 32,
        "id": 2,
        "name": "modal-tel",
        "prevSize": 32
      },
      "setIdx": 0,
      "setId": 7,
      "iconIdx": 5
    },
    {
      "icon": {
        "paths": [
          "M128 32h768c70.692 0 128 57.308 128 128v704c0 70.692-57.308 128-128 128h-768c-70.692 0-128-57.308-128-128v-704c0-70.692 57.308-128 128-128z",
          "M253.248 528.128l-4.416-4.224-4.416 4.16-61.696 58.496 4.864 4.672 228.16 217.6 4.416-4.224 485.12-462.784-4.864-4.608-60.864-58.048-4.416 4.224-419.392 399.744-162.496-155.008z"
        ],
        "attrs": [
          {
            "fill": "rgb(33, 150, 243)"
          },
          {
            "fill": "rgb(255, 255, 255)",
            "stroke": "rgb(255, 255, 255)",
            "strokeLinejoin": "miter",
            "strokeLinecap": "butt",
            "strokeMiterlimit": "4",
            "strokeWidth": 12.8
          }
        ],
        "isMulticolor": true,
        "isMulticolor2": true,
        "grid": 0,
        "tags": [
          "ok-square"
        ],
        "colorPermutations": {
          "119619619612452452451255255255133150243133333314748581": [
            {
              "f": 3
            },
            {
              "f": 6,
              "s": 6
            }
          ]
        }
      },
      "attrs": [
        {
          "fill": "rgb(33, 150, 243)"
        },
        {
          "fill": "rgb(255, 255, 255)",
          "stroke": "rgb(255, 255, 255)",
          "strokeLinejoin": "miter",
          "strokeLinecap": "butt",
          "strokeMiterlimit": "4",
          "strokeWidth": 12.8
        }
      ],
      "properties": {
        "order": 33,
        "id": 1,
        "name": "ok-square",
        "prevSize": 32
      },
      "setIdx": 0,
      "setId": 7,
      "iconIdx": 6
    },
    {
      "icon": {
        "paths": [
          "M1024 0l-1024 576 327.253 121.173 504.747-473.173-383.915 517.973 0.299 0.085-0.384-0.085v282.027l183.509-214.101 232.533 86.101 159.957-896z"
        ],
        "attrs": [
          {
            "fill": "rgb(255, 255, 255)"
          }
        ],
        "isMulticolor": false,
        "isMulticolor2": false,
        "grid": 0,
        "tags": [
          "plane"
        ],
        "colorPermutations": {
          "119619619612452452451255255255133150243133333314748581": [
            {
              "f": 6
            }
          ]
        }
      },
      "attrs": [
        {
          "fill": "rgb(255, 255, 255)"
        }
      ],
      "properties": {
        "order": 35,
        "id": 0,
        "name": "plane",
        "prevSize": 32
      },
      "setIdx": 0,
      "setId": 7,
      "iconIdx": 7
    }
  ],
  "height": 1024,
  "preferences": {
    "showGlyphs": true,
    "showQuickUse": true,
    "showQuickUse2": true,
    "showSVGs": true,
    "fontPref": {
      "prefix": "icon-",
      "metadata": {
        "fontFamily": "icomoon"
      },
      "metrics": {
        "emSize": 1024,
        "baseline": 6.25,
        "whitespace": 50
      },
      "embed": false
    },
    "imagePref": {
      "prefix": "",
      "png": false,
      "useClassSelector": true,
      "color": 0,
      "bgColor": 16777215,
      "classSelector": ".icon",
      "name": "icomoon",
      "height": 32,
      "columns": 16,
      "margin": 16
    },
    "historySize": 50,
    "showCodes": true,
    "gridSize": 16
  }
}